-- ============================================================
-- AiTakeaway 测试数据（20家商家，约100道菜）
-- 执行前请确保已运行 schema.sql
-- 密码统一为 123456（BCrypt加密）
-- ============================================================

USE ai_takeaway;

-- ============================================================
-- 0. 清除旧测试数据（按外键顺序删除）
-- ============================================================
DELETE FROM `cart`       WHERE `merchant_id` BETWEEN 101 AND 120;
DELETE FROM `order_item` WHERE `order_id` IN (SELECT `id` FROM `order` WHERE `merchant_id` BETWEEN 101 AND 120);
DELETE FROM `order`      WHERE `merchant_id` BETWEEN 101 AND 120;
DELETE FROM `dish`       WHERE `merchant_id` BETWEEN 101 AND 120;
DELETE FROM `merchant`   WHERE `id`          BETWEEN 101 AND 120;
DELETE FROM `user`       WHERE `id`          BETWEEN 101 AND 120;

-- ============================================================
-- 1. 商家账号
-- ============================================================
INSERT INTO `user` (`id`, `username`, `password`, `phone`, `role`) VALUES
(101, 'shop_mala',       '$2a$10$N.zmdr9k7uOCQb376NoUnuTJ8iAt6Z5EHsM8lE9lBpwTTyulBe/R6', '13800000101', 'MERCHANT'),
(102, 'shop_japanese',   '$2a$10$N.zmdr9k7uOCQb376NoUnuTJ8iAt6Z5EHsM8lE9lBpwTTyulBe/R6', '13800000102', 'MERCHANT'),
(103, 'shop_cantonese',  '$2a$10$N.zmdr9k7uOCQb376NoUnuTJ8iAt6Z5EHsM8lE9lBpwTTyulBe/R6', '13800000103', 'MERCHANT'),
(104, 'shop_burger',     '$2a$10$N.zmdr9k7uOCQb376NoUnuTJ8iAt6Z5EHsM8lE9lBpwTTyulBe/R6', '13800000104', 'MERCHANT'),
(105, 'shop_homecook',   '$2a$10$N.zmdr9k7uOCQb376NoUnuTJ8iAt6Z5EHsM8lE9lBpwTTyulBe/R6', '13800000105', 'MERCHANT'),
(106, 'shop_salad',      '$2a$10$N.zmdr9k7uOCQb376NoUnuTJ8iAt6Z5EHsM8lE9lBpwTTyulBe/R6', '13800000106', 'MERCHANT'),
(107, 'shop_seafood',    '$2a$10$N.zmdr9k7uOCQb376NoUnuTJ8iAt6Z5EHsM8lE9lBpwTTyulBe/R6', '13800000107', 'MERCHANT'),
(108, 'shop_xinjiang',   '$2a$10$N.zmdr9k7uOCQb376NoUnuTJ8iAt6Z5EHsM8lE9lBpwTTyulBe/R6', '13800000108', 'MERCHANT'),
(109, 'shop_noodle',     '$2a$10$N.zmdr9k7uOCQb376NoUnuTJ8iAt6Z5EHsM8lE9lBpwTTyulBe/R6', '13800000109', 'MERCHANT'),
(110, 'shop_korean',     '$2a$10$N.zmdr9k7uOCQb376NoUnuTJ8iAt6Z5EHsM8lE9lBpwTTyulBe/R6', '13800000110', 'MERCHANT'),
(111, 'shop_thai',       '$2a$10$N.zmdr9k7uOCQb376NoUnuTJ8iAt6Z5EHsM8lE9lBpwTTyulBe/R6', '13800000111', 'MERCHANT'),
(112, 'shop_pekinqduck', '$2a$10$N.zmdr9k7uOCQb376NoUnuTJ8iAt6Z5EHsM8lE9lBpwTTyulBe/R6', '13800000112', 'MERCHANT'),
(113, 'shop_shanghai',   '$2a$10$N.zmdr9k7uOCQb376NoUnuTJ8iAt6Z5EHsM8lE9lBpwTTyulBe/R6', '13800000113', 'MERCHANT'),
(114, 'shop_chuanChu',   '$2a$10$N.zmdr9k7uOCQb376NoUnuTJ8iAt6Z5EHsM8lE9lBpwTTyulBe/R6', '13800000114', 'MERCHANT'),
(115, 'shop_yunnan',     '$2a$10$N.zmdr9k7uOCQb376NoUnuTJ8iAt6Z5EHsM8lE9lBpwTTyulBe/R6', '13800000115', 'MERCHANT'),
(116, 'shop_taiwan',     '$2a$10$N.zmdr9k7uOCQb376NoUnuTJ8iAt6Z5EHsM8lE9lBpwTTyulBe/R6', '13800000116', 'MERCHANT'),
(117, 'shop_chaoshan',   '$2a$10$N.zmdr9k7uOCQb376NoUnuTJ8iAt6Z5EHsM8lE9lBpwTTyulBe/R6', '13800000117', 'MERCHANT'),
(118, 'shop_dessert',    '$2a$10$N.zmdr9k7uOCQb376NoUnuTJ8iAt6Z5EHsM8lE9lBpwTTyulBe/R6', '13800000118', 'MERCHANT'),
(119, 'shop_vegan',      '$2a$10$N.zmdr9k7uOCQb376NoUnuTJ8iAt6Z5EHsM8lE9lBpwTTyulBe/R6', '13800000119', 'MERCHANT'),
(120, 'shop_northeast',  '$2a$10$N.zmdr9k7uOCQb376NoUnuTJ8iAt6Z5EHsM8lE9lBpwTTyulBe/R6', '13800000120', 'MERCHANT');

-- ============================================================
-- 2. 商家信息
-- ============================================================
INSERT INTO `merchant` (`id`, `user_id`, `name`, `phone`, `address`, `business_hours`, `delivery_fee`, `description`, `status`) VALUES
(101, 101, '重庆麻辣烫',     '13800000101', '美食街1号',   '10:00-22:00', 3.00, '正宗重庆口味，麻辣鲜香', 1),
(102, 102, '樱花日式料理',   '13800000102', '日料广场2号', '11:00-21:00', 5.00, '新鲜进口食材，正宗日式', 1),
(103, 103, '粤香茶楼',       '13800000103', '老城区3号',   '07:00-15:00', 4.00, '传统粤式点心，清淡养生', 1),
(104, 104, '快乐汉堡',       '13800000104', '商业广场4号', '09:00-23:00', 2.00, '西式快餐，现做现卖', 1),
(105, 105, '老妈家常菜',     '13800000105', '居民区5号',   '10:00-20:00', 3.00, '家的味道，实惠美味', 1),
(106, 106, '轻食沙拉工坊',   '13800000106', '健身中心旁6号','08:00-21:00', 3.00, '低卡健康，新鲜蔬果', 1),
(107, 107, '海鲜大排档',     '13800000107', '海鲜市场7号', '11:00-22:00', 6.00, '每日新鲜到港，海鲜直供', 1),
(108, 108, '新疆烤肉坊',     '13800000108', '夜市街8号',   '17:00-24:00', 4.00, '正宗新疆烤羊肉，大串豪爽', 1),
(109, 109, '兰州拉面馆',     '13800000109', '早餐一条街9号','06:00-20:00', 2.00, '纯手工拉面，汤清味浓', 1),
(110, 110, '首尔韩式烤肉',   '13800000110', '韩餐聚集地10号','11:00-23:00',5.00, '韩式烤肉，泡菜小菜无限续', 1),
(111, 111, '泰香泰式料理',   '13800000111', '东南亚美食街11号','11:00-22:00',4.00,'正宗泰国口味，酸辣鲜香', 1),
(112, 112, '全聚德北京烤鸭', '13800000112', '传统老字号12号','10:00-21:00',5.00,'百年老字号，北京烤鸭', 1),
(113, 113, '沪上本帮菜',     '13800000113', '上海风情街13号','10:00-21:00',4.00,'浓油赤酱，地道上海本帮', 1),
(114, 114, '成都串串香',     '13800000114', '夜宵一条街14号','15:00-24:00',3.00,'成都风味，麻辣串串，锅底鲜香', 1),
(115, 115, '云南过桥米线',   '13800000115', '西南风味区15号','08:00-20:00',3.00,'云南特色米线，汤底浓郁', 1),
(116, 116, '宝岛台湾卤肉饭', '13800000116', '宝岛风情街16号','09:00-21:00',3.00,'台式卤肉饭，珍珠奶茶', 1),
(117, 117, '潮汕牛肉火锅',   '13800000117', '潮汕美食城17号','11:00-23:00',5.00,'手切鲜牛肉，10秒涮熟', 1),
(118, 118, '甜蜜甜品站',     '13800000118', '甜品一条街18号','10:00-22:00',2.00,'各式甜品奶茶，甜蜜治愈', 1),
(119, 119, '禅心素食坊',     '13800000119', '文化区19号',  '09:00-20:00', 3.00, '纯素食材，健康清淡', 1),
(120, 120, '东北大锅炖',     '13800000120', '东北风味街20号','10:00-21:00',4.00,'东北硬菜，大锅炖煮，量大实惠', 1);

-- ============================================================
-- 3. 菜品
-- ============================================================

-- 【101 重庆麻辣烫】
INSERT INTO `dish` (`merchant_id`, `name`, `price`, `description`, `category`, `status`) VALUES
(101, '麻辣香锅',     38.00, '麻辣鲜香，食材自选，经典川味',         '麻辣', 1),
(101, '水煮鱼',       42.00, '嫩滑鱼片配麻辣红汤，鲜辣过瘾',         '麻辣', 1),
(101, '辣子鸡',       35.00, '干香辣子鸡，外酥里嫩，重庆名菜',       '麻辣', 1),
(101, '麻辣烫套餐',   25.00, '自选时蔬丸子，麻辣鲜烫',               '麻辣', 1),
(101, '红油抄手',     18.00, '手工皮薄馅足，红油香辣',               '小吃', 1),
(101, '冰粉',          8.00, '清凉解辣，红糖冰粉',                   '甜品', 1);

-- 【102 樱花日式料理】
INSERT INTO `dish` (`merchant_id`, `name`, `price`, `description`, `category`, `status`) VALUES
(102, '三文鱼寿司',   28.00, '新鲜挪威三文鱼，肥美鲜甜',             '寿司', 1),
(102, '金枪鱼寿司',   32.00, '蓝鳍金枪鱼，入口即化',                 '寿司', 1),
(102, '蟹籽寿司卷',   26.00, '蟹籽饱满，口感丰富，颜值爆表',         '寿司', 1),
(102, '日式虾天妇罗', 36.00, '大虾裹粉油炸，外酥里嫩',               '炸物', 1),
(102, '海鲜拉面',     38.00, '豚骨汤底，配虾蟹蛤蜊，鲜味十足',       '面食', 1),
(102, '抹茶冰激凌',   15.00, '浓郁抹茶风味，细腻顺滑',               '甜品', 1);

-- 【103 粤香茶楼】
INSERT INTO `dish` (`merchant_id`, `name`, `price`, `description`, `category`, `status`) VALUES
(103, '皮蛋瘦肉粥',   16.00, '绵滑浓稠，养胃暖心，粤式经典',         '粥品', 1),
(103, '虾饺皇',       22.00, '皮薄馅大，新鲜基围虾，点心之王',       '点心', 1),
(103, '蒸鸡蛋羹',     12.00, '嫩滑细腻，清淡养胃',                   '清淡', 1),
(103, '白灼虾',       48.00, '鲜活基围虾白灼，鲜甜弹牙',             '海鲜', 1),
(103, '叉烧包',       14.00, '松软面皮包裹蜜汁叉烧，粤式经典',       '点心', 1),
(103, '双皮奶',       18.00, '传统顺德甜品，绵滑香甜',               '甜品', 1);

-- 【104 快乐汉堡】
INSERT INTO `dish` (`merchant_id`, `name`, `price`, `description`, `category`, `status`) VALUES
(104, '招牌牛肉堡',   32.00, '双层纯牛肉饼，芝士培根，香嫩多汁',     '汉堡', 1),
(104, '炸鸡腿堡',     26.00, '脆皮炸鸡腿，蜂蜜芥末酱',               '汉堡', 1),
(104, '薯条（大）',   12.00, '外酥内软，现炸现吃',                   '小食', 1),
(104, '烤鸡翅',       22.00, '蜜汁烤鸡翅，皮脆肉嫩',                 '烤物', 1),
(104, '芒果奶昔',     16.00, '新鲜芒果混合牛奶，浓郁香甜',           '饮品', 1),
(104, '巧克力圣代',   14.00, '香草冰激凌配热巧克力酱',               '甜品', 1);

-- 【105 老妈家常菜】
INSERT INTO `dish` (`merchant_id`, `name`, `price`, `description`, `category`, `status`) VALUES
(105, '黄焖鸡米饭',   22.00, '嫩滑鸡块慢炖，浓汁拌饭，经典家常',     '盖饭', 1),
(105, '东坡红烧肉',   38.00, '五花肉慢炖三小时，肥而不腻',           '红烧', 1),
(105, '麻婆豆腐',     18.00, '嫩豆腐配麻辣肉末，下饭神器',           '豆腐', 1),
(105, '蒜蓉虾',       45.00, '鲜活基围虾，蒜香浓郁',                 '海鲜', 1),
(105, '番茄炒鸡蛋',   15.00, '家常经典，酸甜可口',                   '家常', 1),
(105, '红烧排骨',     42.00, '糖色红烧，外焦里嫩，肉质脱骨',         '红烧', 1);

-- 【106 轻食沙拉工坊】
INSERT INTO `dish` (`merchant_id`, `name`, `price`, `description`, `category`, `status`) VALUES
(106, '藜麦蔬菜沙拉', 28.00, '有机蔬菜配藜麦，低卡高纤',             '沙拉', 1),
(106, '牛油果鸡胸肉碗',35.00,'水煮鸡胸配牛油果，高蛋白低脂',         '健康餐',1),
(106, '南瓜浓汤',     22.00, '新鲜南瓜熬制，奶油浓郁，暖胃养身',     '汤品', 1),
(106, '木瓜银耳羹',   20.00, '美容养颜，清甜润肺',                   '甜品', 1),
(106, '嫩豆腐沙拉',   18.00, '日式风格，豆腐配秋葵小番茄',           '豆腐', 1),
(106, '蜂蜜燕麦粥',   16.00, '纯燕麦慢煮，配蜂蜜核桃，养胃低卡',     '粥品', 1);

-- 【107 海鲜大排档】
INSERT INTO `dish` (`merchant_id`, `name`, `price`, `description`, `category`, `status`) VALUES
(107, '清蒸大闸蟹',   68.00, '阳澄湖大闸蟹，膏满黄肥，鲜美至极',     '海鲜', 1),
(107, '蒜蓉粉丝蒸扇贝',45.00,'扇贝肉嫩，蒜香四溢，粉丝吸满汤汁',     '海鲜', 1),
(107, '爆炒花甲',     28.00, '花甲鲜嫩，豆豉辣椒爆炒，超级下饭',     '海鲜', 1),
(107, '椒盐皮皮虾',   52.00, '新鲜皮皮虾椒盐炸，外酥内嫩',           '海鲜', 1),
(107, '秘制烤鱿鱼',   25.00, '炭烤鱿鱼，刷上秘制酱料，烟火气十足',   '烧烤', 1),
(107, '海鲜炒饭',     32.00, '虾仁蟹柳配蛋炒饭，粒粒分明',           '主食', 1);

-- 【108 新疆烤肉坊】
INSERT INTO `dish` (`merchant_id`, `name`, `price`, `description`, `category`, `status`) VALUES
(108, '新疆羊肉串',   28.00, '鲜嫩羊肉，孜然辣椒，炭火烤制',         '烧烤', 1),
(108, '烤羊排',       88.00, '整排羊排，外焦里嫩，香气逼人',         '烧烤', 1),
(108, '大盘鸡',       58.00, '土鸡配宽面，辣椒土豆炖煮，量大解馋',   '炖菜', 1),
(108, '手抓饭',       28.00, '羊肉胡萝卜焖饭，新疆传统美食',         '主食', 1),
(108, '烤包子',       16.00, '馕坑烤制，外酥内软，羊肉馅料鲜美',     '小吃', 1),
(108, '羊肉汤',       22.00, '清炖羊骨汤，奶白浓郁，暖身滋补',       '汤品', 1);

-- 【109 兰州拉面馆】
INSERT INTO `dish` (`merchant_id`, `name`, `price`, `description`, `category`, `status`) VALUES
(109, '兰州牛肉拉面', 16.00, '手工拉面，清汤牛肉，一清二白三红四绿', '面食', 1),
(109, '宽面红汤',     18.00, '宽扁面，辣椒红汤，香辣过瘾',           '面食', 1),
(109, '卤蛋拉面',     20.00, '标配拉面加卤蛋，卤香入味',             '面食', 1),
(109, '牛肉夹馍',     12.00, '酥脆馍夹卤牛肉，西北特色小吃',         '小吃', 1),
(109, '酿皮',         10.00, '西北特色凉皮，酸辣爽口，夏日首选',     '凉食', 1),
(109, '八宝粥',        8.00, '红豆莲子枸杞，营养养胃',               '粥品', 1);

-- 【110 首尔韩式烤肉】
INSERT INTO `dish` (`merchant_id`, `name`, `price`, `description`, `category`, `status`) VALUES
(110, '五花肉烤肉',   58.00, '新鲜五花肉，炭火烤制，配生菜包食',     '烤肉', 1),
(110, '牛肋条烤肉',   78.00, '雪花牛肋条，入口即化，香嫩多汁',       '烤肉', 1),
(110, '石锅拌饭',     28.00, '五彩蔬菜配嫩蛋，韩式辣酱拌饭',         '主食', 1),
(110, '部队火锅',     48.00, '火腿午餐肉泡面芝士，韩式融合',         '火锅', 1),
(110, '泡菜汤',       22.00, '发酵泡菜炖猪肉豆腐，酸辣暖胃',         '汤品', 1),
(110, '韩式炸鸡',     38.00, '酥脆炸鸡配蜂蜜芥末或甜辣酱',           '炸物', 1);

-- 【111 泰香泰式料理】
INSERT INTO `dish` (`merchant_id`, `name`, `price`, `description`, `category`, `status`) VALUES
(111, '冬阴功汤',     38.00, '酸辣虾汤，椰浆香茅，正宗泰式风味',     '汤品', 1),
(111, '泰式绿咖喱鸡', 42.00, '椰浆绿咖喱，鸡肉嫩滑，香气浓郁',       '咖喱', 1),
(111, '泰式炒河粉',   32.00, '虾仁豆芽炒宽粉，花生碎，酸甜可口',     '面食', 1),
(111, '芒果糯米饭',   22.00, '新鲜芒果配椰浆糯米，甜蜜清香',         '甜品', 1),
(111, '泰式烤猪颈肉', 48.00, '秘制酱料腌制，炭火慢烤，外焦里嫩',     '烧烤', 1),
(111, '青木瓜沙拉',   25.00, '酸辣爽口，泰国传统开胃菜',             '沙拉', 1);

-- 【112 全聚德北京烤鸭】
INSERT INTO `dish` (`merchant_id`, `name`, `price`, `description`, `category`, `status`) VALUES
(112, '北京烤鸭（半只）',88.00,'果木烤制，皮脆肉嫩，配薄饼葱丝黄瓜',  '烤鸭', 1),
(112, '北京烤鸭（整只）',168.00,'整只烤鸭，大份量，适合多人享用',       '烤鸭', 1),
(112, '鸭架汤',        28.00, '烤鸭架熬制清汤，鲜味浓郁',             '汤品', 1),
(112, '葱爆鸭心',      32.00, '鸭心爆炒，葱香浓郁，嫩脆爽口',         '小炒', 1),
(112, '芥末鸭掌',      25.00, '卤制鸭掌配芥末，爽脆下酒菜',           '卤味', 1),
(112, '豌豆黄',        12.00, '北京传统甜点，细腻清甜',               '甜品', 1);

-- 【113 沪上本帮菜】
INSERT INTO `dish` (`merchant_id`, `name`, `price`, `description`, `category`, `status`) VALUES
(113, '红烧狮子头',    45.00, '猪肉大丸子慢炖，软糯鲜美，上海名菜',   '红烧', 1),
(113, '葱烤大排',      38.00, '猪大排煎后红烧，葱香浓郁',             '红烧', 1),
(113, '响油鳝糊',      42.00, '鳝鱼丝爆炒，热油浇淋，香气四溢',       '上海菜',1),
(113, '草头圈子',      35.00, '猪大肠配草头，本帮经典',               '上海菜',1),
(113, '八宝辣酱',      28.00, '八种食材炒制，咸鲜微辣，下饭神器',     '小炒', 1),
(113, '擂沙汤圆',      16.00, '糯米汤圆滚黄豆粉，上海传统甜品',       '甜品', 1);

-- 【114 成都串串香】
INSERT INTO `dish` (`merchant_id`, `name`, `price`, `description`, `category`, `status`) VALUES
(114, '麻辣串串（50串）',45.00,'麻辣红锅，50串自选，成都街头味道',     '串串', 1),
(114, '清汤串串（50串）',42.00,'清汤底，鲜味突出，适合不吃辣',         '串串', 1),
(114, '脑花',          15.00, '新鲜猪脑，麻辣鲜嫩，成都特色',         '串串', 1),
(114, '毛肚',          18.00, '鲜毛肚，麻辣锅底涮7秒，脆嫩爽口',     '串串', 1),
(114, '肥肠',          16.00, '清洗干净肥肠，麻辣入味',               '串串', 1),
(114, '钵钵鸡',        28.00, '红油浸泡鸡块，麻辣冷吃，成都名小吃',   '凉食', 1);

-- 【115 云南过桥米线】
INSERT INTO `dish` (`merchant_id`, `name`, `price`, `description`, `category`, `status`) VALUES
(115, '过桥米线（大）', 28.00, '云南特色，一人一锅，食材丰富',         '米线', 1),
(115, '过桥米线（小）', 18.00, '经典过桥米线，汤底浓郁鲜美',           '米线', 1),
(115, '汽锅鸡',        58.00, '云南名菜，蒸汽慢炖，鸡肉嫩滑汤清',     '汤品', 1),
(115, '菌菇米线',      22.00, '云南野生菌菇，鲜味十足，清淡养生',     '米线', 1),
(115, '云南小粑粑',    10.00, '糯米制作，香甜软糯，云南特色小食',     '小吃', 1),
(115, '木瓜水',         8.00, '云南特色饮品，清甜解渴',               '饮品', 1);

-- 【116 宝岛台湾卤肉饭】
INSERT INTO `dish` (`merchant_id`, `name`, `price`, `description`, `category`, `status`) VALUES
(116, '台式卤肉饭',    18.00, '五花肉卤汁浇饭，台湾国民美食',         '盖饭', 1),
(116, '排骨饭',        25.00, '炸排骨配卤蛋，台式便当经典',           '盖饭', 1),
(116, '蚵仔面线',      20.00, '台湾夜市小吃，蚵仔大肠面线，浓稠鲜美', '面食', 1),
(116, '珍珠奶茶',      12.00, '台湾发源地，正宗珍珠奶茶',             '饮品', 1),
(116, '芋圆甜品',      16.00, '手工芋圆地瓜圆，Q弹爽口',             '甜品', 1),
(116, '卤味拼盘',      28.00, '卤蛋豆干海带等，台式卤味精选',         '卤味', 1);

-- 【117 潮汕牛肉火锅】
INSERT INTO `dish` (`merchant_id`, `name`, `price`, `description`, `category`, `status`) VALUES
(117, '手切嫩肉',      68.00, '现切牛嫩肉，入锅10秒即熟，鲜甜嫩滑', '牛肉', 1),
(117, '匙柄牛肉',      75.00, '近脊背部位，脂肪均匀，香嫩多汁',       '牛肉', 1),
(117, '牛肉丸',        35.00, '手打牛肉丸，弹牙爽口，潮汕特色',       '丸类', 1),
(117, '牛骨汤底',      20.00, '牛骨熬制8小时，奶白浓郁清甜',         '汤底', 1),
(117, '沙茶酱碟',       5.00, '潮汕沙茶酱，蘸牛肉必备',               '调料', 1),
(117, '捞化',          22.00, '兴化米粉涮火锅，吸饱汤汁',             '主食', 1);

-- 【118 甜蜜甜品站】
INSERT INTO `dish` (`merchant_id`, `name`, `price`, `description`, `category`, `status`) VALUES
(118, '芒果班戟',      22.00, '新鲜芒果夹奶油，薄饼柔软，甜而不腻',   '甜品', 1),
(118, '草莓蛋糕',      35.00, '新鲜草莓装饰，奶油夹层，轻盈香甜',     '蛋糕', 1),
(118, '杨枝甘露',      18.00, '芒果椰浆西柚，港式甜品经典',           '甜品', 1),
(118, '红豆双皮奶',    16.00, '细腻奶香配红豆，甜蜜满足',             '甜品', 1),
(118, '黑糖珍珠奶茶',  15.00, '现熬黑糖，Q弹珍珠，奶香浓郁',         '奶茶', 1),
(118, '抹茶拿铁',      18.00, '宇治抹茶粉，配鲜奶，苦甜平衡',         '饮品', 1);

-- 【119 禅心素食坊】
INSERT INTO `dish` (`merchant_id`, `name`, `price`, `description`, `category`, `status`) VALUES
(119, '香煎豆腐',      18.00, '嫩豆腐煎至金黄，配酱油姜丝，清淡鲜美', '豆腐', 1),
(119, '素红烧肉',      25.00, '豆皮与魔芋仿制，口感惊喜，低脂健康',   '素肉', 1),
(119, '时蔬炒面',      16.00, '多种有机蔬菜炒面，清淡爽口',           '面食', 1),
(119, '素食粥',        12.00, '八宝素粥，养胃暖身，适合清淡饮食',     '粥品', 1),
(119, '凉拌豆腐丝',    14.00, '豆腐丝配黄瓜胡萝卜，麻酱拌匀',         '凉菜', 1),
(119, '南瓜豆腐汤',    16.00, '南瓜豆腐同煮，鲜甜清淡，养生首选',     '汤品', 1);

-- 【120 东北大锅炖】
INSERT INTO `dish` (`merchant_id`, `name`, `price`, `description`, `category`, `status`) VALUES
(120, '猪肉炖粉条',    38.00, '五花肉配粉条，东北经典大菜，量大解馋', '炖菜', 1),
(120, '小鸡炖蘑菇',    45.00, '农家土鸡配野蘑菇，汤鲜肉嫩',           '炖菜', 1),
(120, '锅包肉',        32.00, '外酥里嫩，酸甜口，东北名菜',           '东北菜',1),
(120, '地三鲜',        22.00, '茄子土豆青椒，家常美味，下饭必备',     '素菜', 1),
(120, '东北乱炖',      48.00, '多种食材大锅炖，豪迈东北风味',         '炖菜', 1),
(120, '玉米面饼',       8.00, '粗粮玉米饼，香甜暖胃，东北主食',       '主食', 1);
